SalePrice,LotArea,Bedrooms,Bathrooms,Neighborhood,YearBuilt,GarageArea,OverallQual,HeatingType
444779.85,22452,1,1.1000430208906677,Downtown,1951,328,3,Gas
266432.37,23674,6,4.568718270819382,SuburbA,1995,532,1,Gas
452819.42,4570,2,1.9306435735629583,SuburbA,1991,303,9,Wood
126971.7,8723,4,3.357062735503635,SuburbA,2017,925,3,Wood
467272.51,12649,3,1.6219179992471262,Downtown,1933,194,7,Gas
593612.54,13263,3,3.4149041254675643,SuburbA,2013,570,9,Gas
430225.71,13903,1,3.208162525092908,Downtown,1993,296,2,Gas
525362.03,23168,2,4.092273363154767,SuburbA,1949,987,2,Wood
341609.11,10608,4,3.5427377770576007,Downtown,1940,479,6,Electric
448488.6,23460,3,3.8072812538342053,SuburbA,1997,750,3,Electric
233446.35,6854,4,2.517821767030591,SuburbB,2007,432,1,Electric
236439.15,2551,3,2.6046591480893158,SuburbA,1947,680,6,Electric
262314.25,22977,4,2.582527604242657,Rural,1938,371,3,Electric
138623.69,19894,5,2.050966434091741,Rural,1994,508,6,Electric
488725.06,6032,5,2.974063339558524,SuburbA,1934,256,3,Wood
68311.99,21043,1,2.5390692466980003,Rural,1987,357,9,Gas
237363.45,23791,6,1.4582069719347466,Downtown,2018,756,6,Gas
426836.38,11117,4,1.6326310173786789,SuburbA,2012,996,5,Electric
410702.87,18135,1,4.482074279347067,Downtown,2001,619,10,Electric
335018.21,6508,3,4.050043200300605,SuburbA,1996,431,8,Gas
555648.09,5165,3,4.514887511292737,Downtown,1950,159,4,Gas
333664.8,4306,6,2.943961853266455,SuburbA,2017,645,3,Electric
268999.53,23118,4,4.7873947188199635,SuburbB,1953,640,10,Wood
310563.88,8440,5,4.021060786543222,SuburbB,2011,419,7,Oil
437705.72,15855,5,2.805944565564519,SuburbB,1948,165,6,Gas
225257.97,20777,5,1.920458930386308,SuburbB,1920,172,1,Electric
43619.98,3708,1,4.438541601014986,SuburbA,1985,343,5,Wood
82077.7,8520,5,1.5292473949001,Rural,1951,903,8,Wood
100732.97,7739,1,1.3877232569152933,Rural,1965,533,7,Wood
227539.21,3275,6,3.6138219530631663,SuburbA,1927,512,6,Gas
554287.59,9647,2,1.760835633763246,Rural,1937,532,3,Oil
90338.35,16659,2,4.497943816282319,SuburbA,1976,927,9,Gas
253884.61,3157,6,4.997129873650906,SuburbA,1931,871,4,Electric
111946.75,14817,4,2.925433671884158,Rural,1927,268,7,Gas
584088.71,14293,3,4.706072294237334,Rural,1956,533,9,Wood
227771.55,6572,2,2.186831301978257,SuburbA,1994,853,9,Gas
210856.78,11776,1,1.2005693490558142,Rural,1984,973,9,Electric
257881.75,3363,5,1.3204458609623475,SuburbB,1928,709,2,Electric
126696.44,14730,1,4.7663845089163575,SuburbB,1994,708,1,Gas
147666.29,15237,6,3.334689157164899,Downtown,1953,309,6,Electric
406471.42,10203,4,1.5235131285098258,Downtown,1978,423,2,Gas
164374.41,16517,5,4.99381776341777,SuburbA,1929,650,4,Oil
256462.3,5840,3,4.523456694745758,SuburbB,1967,391,3,Wood
487516.19,19300,6,2.2100685719155595,SuburbA,2005,936,9,Oil
599823.63,23237,1,4.755720015708416,SuburbB,1953,218,2,Electric
543641.29,10424,3,3.4193193081208957,Downtown,1946,803,5,Wood
257157.1,9728,1,1.3691938708509337,Rural,1955,145,1,Oil
397854.19,5786,6,4.919191815315344,SuburbB,2014,552,9,Wood
201861.87,19879,1,1.44749552235734,SuburbB,1989,136,6,Electric
318788.62,15583,2,1.1673154326754314,Downtown,2021,981,1,Oil
83783.61,8383,6,1.9981189568916977,SuburbA,1965,898,9,Wood
152158.84,21837,6,1.6182133533288185,SuburbB,1940,919,3,Wood
73814.09,2312,2,3.9462578870203284,Downtown,2020,521,4,Oil
317223.08,6716,6,1.4323825056118284,SuburbA,1980,327,4,Wood
124011.99,12957,3,4.282145523886248,SuburbB,1948,124,4,Wood
95676.24,12256,3,4.457411768121146,Downtown,1964,756,9,Wood
373083.9,23766,5,2.3245994728576282,SuburbA,1934,998,5,Electric
356835.68,20524,3,1.1530287894130509,Rural,1964,846,6,Wood
117147.46,21364,5,1.4625831361173218,SuburbB,1952,145,7,Gas
129162.17,18536,5,3.747428587658107,SuburbB,1966,541,2,Oil
227138.23,21919,3,3.653549905062177,SuburbA,2012,407,9,Oil
551387.05,23352,4,2.3047316194295995,Downtown,1990,230,4,Wood
124893.94,23288,4,3.7092717810909317,SuburbB,1998,682,5,Wood
540203.72,19454,1,2.215499797073415,SuburbB,1975,904,10,Oil
183273.36,16736,4,2.7686391972192297,SuburbB,1985,584,3,Gas
300845.55,10799,5,3.655415345219995,Downtown,1931,938,4,Oil
269876.03,8861,2,1.5894158489830907,SuburbA,1951,586,10,Gas
453902.14,16423,4,4.5445476362039265,SuburbB,2011,813,7,Wood
54467.4,14595,2,1.5902853803651928,SuburbA,2016,981,2,Wood
260983.75,8670,2,4.216439424692572,Rural,1926,670,4,Gas
516213.6,16457,2,4.205666406889058,Downtown,2016,553,10,Wood
263575.49,19452,4,4.588832412933049,Rural,1977,365,4,Oil
379310.02,18581,4,3.506993747927125,Downtown,1976,179,5,Electric
249527.95,10403,3,2.278838273675049,SuburbA,1937,254,4,Wood
590814.39,24239,2,3.825676566778209,SuburbA,1973,517,6,Wood
542921.8,15124,1,1.827337558057641,Rural,1969,888,10,Gas
198715.51,20364,4,2.9079189302294277,Downtown,1958,871,7,Wood
217843.47,19136,6,3.938536243025431,SuburbB,1982,324,5,Wood
488275.46,17413,1,2.555428812984512,Rural,2012,269,8,Electric
584389.48,21890,5,1.1078658076205508,Rural,1995,677,1,Gas
599870.62,22561,4,1.542797948922257,Rural,1943,151,5,Wood
524406.05,12226,2,2.8187973000659285,Downtown,2017,1000,7,Oil
95874.21,15313,3,4.339643659648485,Rural,1922,867,9,Gas
487037.52,12967,2,3.6005763729995,SuburbA,2016,131,4,Electric
254886.48,2167,5,1.6095293831391615,SuburbB,1980,785,2,Electric
130394.13,16738,6,2.0249747862487464,Downtown,1941,720,10,Gas
459596.4,6866,3,1.4323949986304263,SuburbA,1959,689,7,Wood
54194.64,24929,2,1.3039859113722398,SuburbB,1933,813,5,Gas
125563.12,20044,1,2.388815061233796,Rural,2004,479,2,Oil
412888.39,1914,4,4.289323672360233,SuburbA,1975,470,8,Electric
356525.83,15770,2,3.9351812160535675,Downtown,1998,927,9,Wood
525242.25,16732,4,4.302938393683022,Downtown,1961,972,4,Gas
117430.02,10639,4,1.975453756763824,Rural,1992,724,7,Oil
44017.95,2440,4,4.403811345249837,SuburbB,1982,317,6,Oil
523727.16,12652,3,4.521279919032901,Downtown,1991,110,9,Electric
244876.9,4305,2,3.880298656416777,Rural,1991,876,4,Wood
564695.13,22664,6,2.9632853403143447,SuburbA,1931,401,4,Wood
179377.92,24168,2,2.2248241205203536,Downtown,1980,666,9,Oil
547941.74,15442,6,3.2015538910267143,Downtown,2009,564,5,Oil
300003.28,9737,2,1.4826235390092233,SuburbB,1960,222,9,Electric
174983.31,7776,2,3.9544186140358026,Downtown,2012,703,9,Oil
478216.2,4794,2,2.184985853060578,Downtown,1942,409,1,Electric
178946.75,10488,1,4.897179724410952,Downtown,2009,229,8,Gas
365100.83,1901,5,2.1373573085485975,Rural,1976,448,3,Gas
199469.76,9773,4,1.4563485628996982,SuburbA,1971,603,2,Gas
410890.44,6471,2,4.24456830510019,Downtown,1930,354,2,Wood
401921.31,21367,5,4.162963319373677,SuburbB,2019,635,7,Wood
464751.83,16007,3,4.44066666330472,Rural,1959,682,10,Gas
68965.76,21476,6,1.396934299099153,SuburbB,2000,316,5,Gas
538423.72,6646,2,1.695254193305738,SuburbA,1940,102,7,Wood
247180.63,24089,5,2.8796499160307434,SuburbA,1949,395,5,Wood
461815.4,3832,6,1.9336952246401022,Downtown,2020,910,10,Electric
279098.93,15430,1,3.1782495148423147,SuburbB,1954,946,3,Gas
376245.64,3454,2,4.170514264929647,Downtown,1976,227,8,Oil
178432.06,24428,4,4.770704962976163,Rural,1976,182,10,Gas
303830.6,15656,6,2.2892863334332,Downtown,1923,193,4,Gas
346373.89,23529,3,3.3049879384109873,SuburbB,1980,631,8,Oil
530106.36,7447,5,2.7435399483080123,Rural,1931,581,6,Wood
493110.17,12421,3,3.6805340380847418,SuburbB,1962,521,8,Oil
331389.04,23211,4,4.254264138951891,SuburbA,1978,190,6,Oil
169131.58,12093,1,4.880738907234308,Rural,1985,944,1,Wood
558588.56,15041,1,1.7503301655781085,Downtown,1999,874,8,Wood
114165.14,3191,2,2.06822495309173,SuburbB,1956,548,8,Gas
317483.04,2445,6,3.4354866683278598,SuburbB,2010,262,5,Gas
283302.0,19596,4,1.3728368051260902,SuburbA,1979,220,3,Wood
330534.97,24981,3,3.035488060278047,Downtown,1973,954,8,Wood
466977.13,9486,4,3.2050603075218786,Rural,1944,713,9,Electric
196639.7,3787,3,4.09070053070802,Rural,1963,906,9,Oil
315364.79,1584,3,3.90420393045413,Rural,1939,557,9,Wood
599192.38,12809,3,3.207669668283244,Rural,1978,429,4,Electric
492081.29,20236,4,1.9342497842315725,Rural,1925,425,8,Wood
497759.87,14151,6,4.169574642799722,SuburbB,1983,137,3,Oil
364576.1,4788,4,1.3988467909679136,Rural,1921,839,3,Wood
437018.98,22955,2,1.2993129929748353,Downtown,1963,738,7,Gas
181248.38,12266,6,4.437368736673067,Rural,1960,741,8,Gas
258096.23,21732,1,1.9390809724080862,Downtown,1949,864,2,Wood
411532.12,4725,6,3.8155633173161516,SuburbA,1976,270,5,Gas
548042.49,3007,3,4.184573860648847,Downtown,1965,483,7,Electric
545940.08,9501,5,2.6482069959023016,SuburbB,1941,279,2,Wood
513497.55,21806,6,1.9633191674252521,SuburbB,1949,572,5,Wood
99829.47,9866,6,1.0375897258194842,Rural,1956,793,9,Electric
404221.66,3920,4,4.780942539738584,Downtown,2001,534,5,Wood
142482.23,11399,2,4.997494262000717,Rural,1933,342,7,Oil
261332.7,20335,3,4.97076817450759,Downtown,1922,949,7,Oil
518020.33,1765,5,4.460269590789064,SuburbA,1997,863,8,Oil
130497.46,9040,5,4.207727830181151,SuburbB,2001,294,10,Oil
277676.8,23708,6,4.069883097981856,SuburbB,2000,199,1,Oil
562219.41,15944,1,3.318295221473611,SuburbB,1931,402,6,Wood
559215.19,7255,2,1.5286391909871342,Downtown,1987,613,5,Electric
298866.04,9920,4,4.869536304667249,Downtown,2015,991,6,Gas
155449.33,16846,1,1.5630280600235307,SuburbB,2006,841,7,Oil
257509.03,4459,4,1.0556746204036047,SuburbA,1978,477,5,Wood
431471.72,22423,3,1.4333844087969227,SuburbB,1980,125,10,Oil
562712.04,21491,2,3.590609522557766,Rural,2009,409,7,Gas
102287.16,6080,1,4.7850461315277855,Downtown,1983,218,2,Electric
331692.53,19114,2,2.55458332460057,Downtown,2005,860,9,Wood
587656.72,20745,6,3.9063966022289662,Rural,2003,201,8,Wood
458259.37,10666,1,3.7611226549902543,SuburbB,1976,555,4,Oil
259852.66,4755,6,2.469339833988722,Downtown,1927,507,5,Electric
150859.46,5502,4,1.3666936952700834,SuburbB,2002,754,10,Gas
566627.64,3157,3,1.9742755886560945,SuburbB,2020,678,4,Gas
125266.72,19660,2,3.3455323343262475,SuburbB,1962,892,3,Gas
117840.21,10585,2,4.950109217464689,Downtown,2022,278,2,Gas
295144.51,5818,1,2.4329691168661314,SuburbB,1995,431,1,Electric
322289.52,10195,1,1.5070341748511211,Rural,1987,216,2,Wood
560452.07,16189,3,3.0529518304367667,SuburbA,1977,615,4,Gas
139416.25,23090,5,2.206521316112355,SuburbA,1927,590,7,Wood
371849.58,23982,1,2.961075416576901,Rural,1929,182,6,Electric
124329.86,3652,2,2.100063998231813,Downtown,1968,711,9,Oil
182674.1,16367,5,3.4217071661412515,SuburbA,2021,818,2,Electric
290160.34,15592,4,4.552364087953972,Rural,1963,947,8,Wood
105424.02,15131,6,1.3803433571025234,Rural,1960,781,5,Oil
570074.25,6501,6,4.691940142937538,SuburbA,1931,951,2,Gas
495397.38,15651,1,3.978355876767516,Downtown,2023,233,9,Gas
220151.29,20717,5,3.2467335262789123,SuburbA,1972,462,7,Gas
388546.92,10925,5,2.2497955963506158,SuburbA,1993,619,4,Electric
394641.32,23019,4,1.8969794764302623,SuburbA,1964,965,9,Oil
540970.35,5264,3,3.2964000173258508,Rural,1991,885,10,Gas
496482.78,21455,6,4.317843159838652,Downtown,1923,284,5,Oil
591707.66,12635,3,1.0244231576146348,SuburbB,1992,773,7,Gas
463260.34,6148,6,3.5326880506220553,SuburbA,1931,864,9,Electric
311900.81,13827,4,2.8145831626920694,SuburbB,1967,419,6,Gas
129683.01,3223,2,1.6296395884286126,SuburbA,2006,183,5,Wood
547880.3,23190,4,2.942646819563985,Rural,1973,379,4,Gas
189181.52,12810,4,1.4435590888037222,Rural,1987,783,5,Gas
47777.44,8725,4,4.937782633284478,SuburbA,1920,309,5,Electric
490570.84,5996,3,2.1577885248697504,SuburbA,1920,609,7,Electric
165982.95,5733,4,3.130329391469695,SuburbB,1984,672,6,Gas
418187.92,14511,6,1.1692090462511655,SuburbA,1978,179,6,Wood
332660.36,20289,4,3.837995846275737,Rural,1957,217,7,Gas
503648.55,12142,2,4.205288617241809,Rural,2008,470,2,Wood
117551.3,4968,2,2.7427061077616,Rural,1987,180,7,Oil
460022.47,12625,2,2.332274489972528,SuburbB,1929,622,2,Electric
208597.36,12948,3,3.909516422695617,SuburbB,1950,205,3,Oil
57653.33,7964,2,3.4095959410926633,SuburbA,1942,891,8,Wood
97310.92,19972,5,2.795621027980252,Downtown,2000,423,3,Wood
180012.41,3737,4,2.7688322553451394,Downtown,2021,381,10,Gas
314980.13,13032,5,1.2967626246931507,Rural,1977,138,1,Oil
451671.64,10906,1,3.5786658783033496,SuburbA,1998,708,9,Wood
405071.62,16662,5,3.2172654853532157,SuburbA,1977,929,10,Electric
56413.75,12035,5,2.902516111772278,SuburbB,1927,561,2,Oil
477701.91,24906,1,3.0181960060038295,SuburbB,1925,353,8,Wood
354583.28,18672,5,3.4392216252906977,Downtown,1967,389,7,Wood
352605.45,12587,6,3.391543449531958,Downtown,1928,437,2,Wood
403655.33,10810,3,3.894934620009847,SuburbB,1962,183,10,Electric
245913.03,12962,3,4.8707860307709785,Rural,1936,709,2,Oil
407109.2,19814,4,3.573973053445278,Downtown,2024,230,9,Gas
418234.39,22668,6,2.693625465288415,Downtown,1922,471,5,Electric
456294.69,8518,3,4.790673070137387,Rural,1944,331,3,Electric
566521.14,4028,3,4.377713554743533,SuburbA,1984,889,9,Gas
510330.05,23190,3,4.505571090170967,SuburbB,1996,485,3,Electric
341078.48,7425,6,4.084391254923954,SuburbB,2012,548,1,Wood
193878.29,13437,6,3.8783426951626,Rural,1998,391,8,Electric
236681.78,18998,2,2.2378715862511585,Rural,1944,476,10,Wood
490911.71,16628,3,4.112496148999703,Rural,1940,936,4,Electric
343149.03,9692,1,3.5647161448177886,Downtown,1990,205,9,Gas
443540.75,10840,1,4.0524673211667634,Downtown,1977,625,3,Wood
590070.61,4505,2,4.266813023422002,Downtown,1923,524,1,Wood
490491.81,17949,3,1.9431122954537305,SuburbA,1967,329,1,Oil
271711.18,4746,6,3.5998427371767265,SuburbB,1937,139,5,Wood
597021.25,24308,2,4.035364619062429,Rural,1977,730,1,Gas
400139.38,2122,3,1.8626189778734177,SuburbB,1990,844,10,Wood
530707.24,5143,3,1.9505609065637346,SuburbA,1926,344,7,Wood
526026.23,3558,1,4.3467508824213414,Rural,1996,648,1,Electric
123829.75,6204,3,2.716955572413335,Downtown,1950,684,7,Electric
433386.68,23270,6,1.342455819949047,Downtown,1928,638,9,Gas
320201.91,14294,4,1.1741377006671065,Rural,1967,359,1,Oil
557655.21,3713,3,1.9645036975425785,SuburbA,2018,695,6,Electric
188669.07,2952,3,3.184054980830766,SuburbB,2019,801,8,Wood
137337.84,22200,2,4.245990727390426,SuburbA,2011,894,8,Gas
101866.06,11115,2,1.1752251026364924,SuburbB,1925,423,5,Wood
511787.41,19294,4,2.0132550608104696,SuburbB,1956,465,1,Oil
273061.65,10452,1,4.197369646072959,Rural,1971,861,8,Wood
470182.17,12609,2,2.9848129061480906,Rural,1967,916,9,Oil
103056.29,4207,6,2.6979986452736555,Rural,1997,942,3,Oil
486460.85,12025,1,1.320275644299981,Downtown,1959,556,10,Wood
507003.26,6960,6,2.775633524404376,Rural,1925,844,6,Wood
477931.07,10496,6,4.920109116777116,SuburbA,1929,787,7,Oil
450517.04,18312,6,3.7176424312587595,SuburbA,1938,969,10,Wood
213092.88,2640,2,1.2689334522484352,Downtown,1966,492,10,Gas
407758.45,21327,2,3.7162482276535798,Downtown,1967,554,2,Electric
377666.13,18849,3,2.5921361838098,Downtown,1951,216,1,Electric
391520.34,17852,5,2.547949520157054,SuburbA,1953,893,5,Wood
285293.62,8531,5,2.142307510792632,Rural,1945,225,3,Gas
188912.12,16312,2,4.594716123144922,Rural,1931,929,6,Oil
403637.7,24750,1,3.199988589947562,Downtown,1958,971,3,Electric
93687.08,13345,5,1.8969664609838262,SuburbB,2021,242,4,Wood
553107.85,2361,3,3.2160857490383803,Downtown,1979,922,9,Electric
523900.62,21552,1,1.2629924210694643,Rural,2011,836,8,Wood
330751.32,14916,5,1.295002851644956,Downtown,2002,175,8,Wood
528574.14,23785,5,2.378059122810799,SuburbB,2018,232,7,Gas
514765.08,5568,5,1.6120618672408025,SuburbB,1940,430,4,Oil
329001.01,18503,3,4.383734824623462,Downtown,1945,750,9,Oil
311321.62,5601,6,2.2112984244355043,SuburbA,1984,756,3,Electric
405551.71,7109,6,3.497916749734663,Downtown,1992,142,1,Gas
217743.95,2989,6,4.084089475177861,Downtown,2003,315,10,Wood
398034.47,21754,6,1.1211435943257229,Downtown,2002,409,8,Electric
168929.6,23945,4,2.1897354857189693,SuburbA,2008,161,3,Wood
441693.83,15119,4,2.85776863110134,Downtown,1997,247,6,Oil
584268.84,12817,4,1.5230646062095459,Downtown,1985,675,2,Oil
370274.0,9421,4,1.49008763633584,Rural,1951,244,2,Gas
361131.01,11009,4,4.456655401449723,Rural,1951,986,3,Oil
227387.04,20429,6,2.250859683449092,SuburbB,1983,627,8,Wood
535775.62,11610,4,1.0927051928654041,Rural,1984,568,4,Electric
254727.5,20615,3,1.1946325317186237,Downtown,1983,711,8,Oil
173902.13,19086,1,4.388689461573872,Rural,1937,370,6,Wood
411915.48,13491,1,2.6023264840590263,SuburbB,1966,666,5,Gas
178546.0,14159,5,2.8014175225616724,Downtown,2025,738,10,Gas
142655.93,5716,1,2.5756148509144285,Downtown,1991,474,3,Electric
405736.59,21241,5,2.605548337104258,SuburbA,1925,139,3,Oil
146925.38,17023,5,2.827954237131496,SuburbB,1961,727,6,Electric
370079.16,14376,5,3.9572774422944166,Downtown,1995,444,9,Wood
562467.47,24723,5,2.199162258949655,SuburbA,1967,439,2,Wood
289306.99,20626,3,4.187019255720589,SuburbA,1996,585,5,Electric
467148.47,3182,5,2.921795134857656,Rural,1938,941,4,Gas
371601.67,20261,6,1.4395820853347874,SuburbA,1976,421,7,Electric
529049.15,15031,6,1.8155667308085381,Rural,2014,844,1,Electric
459150.39,18496,2,3.2435470916345572,Rural,1987,485,6,Electric
431985.54,16562,5,2.3693080707273846,Downtown,2006,890,5,Wood
146843.49,7800,2,2.1160255836870268,Downtown,1948,404,5,Electric
74980.2,24117,6,2.956012318046115,Rural,1964,673,5,Oil
598720.84,5493,5,3.706488983130183,Rural,1970,938,6,Electric
432694.8,11017,1,2.1505213664565597,SuburbA,1964,552,5,Wood
493414.79,8511,2,4.311806814032135,Downtown,1991,812,5,Electric
218158.3,5079,5,3.963563906753972,SuburbB,1951,151,9,Electric
575876.85,22404,2,1.2099644273578511,Rural,1962,834,8,Gas
361109.67,23821,2,1.0207257856285201,SuburbB,1972,768,8,Wood
107088.86,22816,2,4.023644237634958,Downtown,1961,392,1,Gas
210338.7,22874,5,1.928880796884068,SuburbA,1942,527,3,Gas
500589.33,14508,4,1.7452465276899556,Downtown,1924,109,5,Gas
40778.13,12478,3,2.81739631262718,Rural,1937,971,9,Wood
572297.85,10440,2,4.2352555129720795,Downtown,1940,848,8,Oil
49403.67,7601,1,3.946471581969028,Downtown,1992,790,4,Electric
567408.43,21519,6,4.5881710471359005,Rural,1985,435,2,Wood
355549.27,23430,1,1.7391248041893599,SuburbB,1981,431,4,Gas
229138.11,10045,4,1.9420850112061356,Downtown,1962,409,10,Gas
342419.95,10070,6,2.4382083622446236,SuburbB,1927,783,2,Wood
176746.28,11553,2,2.621666451873589,Downtown,2008,220,5,Oil
248812.6,21640,2,1.8765144037413757,SuburbB,1981,256,8,Oil
174823.68,15126,6,3.196938035273459,Rural,2016,650,4,Electric
526435.53,23793,5,4.492540233950933,SuburbA,1987,557,9,Oil
334418.56,4059,5,1.448835166149081,SuburbB,1993,649,3,Electric
340778.77,12251,5,2.7673622106385234,SuburbB,2011,697,8,Gas
324353.85,18223,4,4.234768332708949,Rural,1936,625,7,Wood
193060.31,19978,1,3.2351887959950654,Downtown,2012,122,7,Oil
360630.13,1598,6,1.8716052346918364,SuburbA,1925,533,6,Gas
494931.52,19232,1,4.738331195539786,SuburbA,1980,132,5,Wood
53839.46,7397,2,4.0633107316948465,Rural,1967,491,8,Wood
353925.89,13809,1,3.7309214164061655,SuburbB,2003,980,6,Gas
414324.57,7348,5,2.572234527136163,SuburbB,2013,328,1,Gas
136429.81,11276,4,3.6939994311062683,Rural,1988,488,4,Electric
386306.69,16593,3,1.6204854928150692,SuburbB,2012,883,2,Gas
216244.93,23133,4,3.45969282883565,SuburbA,1950,311,2,Gas
201409.77,20962,1,2.7857642649944094,SuburbA,1951,858,1,Wood
134136.44,15883,2,3.1590392356297134,SuburbA,1937,615,5,Electric
218620.05,20377,3,3.309899258551528,Downtown,1950,409,3,Electric
121070.72,15051,3,2.1006156820344217,SuburbB,2000,795,7,Wood
389806.38,3036,3,4.766345639327647,Rural,2020,637,6,Wood
291992.08,14877,2,2.1995539777416044,SuburbB,2016,650,8,Electric
146620.92,8884,3,4.430164954292083,SuburbB,2023,574,1,Wood
383524.89,15148,5,3.119967256012343,Rural,1951,361,4,Oil
497974.84,22691,1,4.688904418044889,Downtown,1931,648,4,Gas
357072.56,10296,4,3.694687682538314,SuburbA,1929,292,10,Electric
111119.16,17208,2,4.477895406098152,Downtown,1958,115,4,Electric
270665.23,5344,6,4.998288028071247,Rural,1951,812,10,Electric
150007.91,14496,2,3.208317170191258,Downtown,1968,577,9,Oil
459658.78,11606,3,2.438578471923367,Rural,1979,200,8,Oil
559635.52,8156,3,2.251688075480764,SuburbA,1992,984,4,Electric
123055.51,2031,3,3.2132462541686966,Rural,1957,256,4,Oil
200751.08,9037,4,3.27915805081614,SuburbB,1983,663,6,Oil
256753.71,17511,6,3.566777817594829,Rural,1978,272,6,Electric
239361.11,6086,6,3.1861853149031494,SuburbB,1989,757,1,Gas
213997.41,3935,6,1.194057576785649,SuburbA,1972,240,4,Gas
119100.51,24672,2,1.036565846762647,Rural,1967,161,10,Wood
408941.09,23103,4,1.062927067476879,Rural,1921,117,9,Oil
447930.38,19055,3,1.0685703904097088,Rural,2023,283,2,Gas
313532.25,18683,2,1.9638753292540327,Downtown,2024,462,5,Wood
317740.13,4089,3,4.8371911765941205,Rural,1992,349,4,Oil
306743.3,23914,1,3.6149428782366124,SuburbA,1931,515,7,Wood
329435.22,19610,4,1.2244597565158628,SuburbA,2009,275,2,Wood
88160.74,15718,6,4.137505243160445,SuburbA,1987,143,4,Electric
250371.94,24184,5,2.902001150581093,SuburbA,1929,800,5,Gas
188940.42,7377,3,1.0626323807677385,SuburbB,1995,247,7,Gas
425884.27,11306,2,3.2558327984950597,Rural,2006,653,6,Wood
341254.45,6085,6,3.8966542803772595,Downtown,1926,200,7,Electric
229681.45,3990,3,3.4206749728025687,Rural,2019,434,1,Oil
334762.47,16263,4,1.9125535594168661,Rural,1975,290,10,Wood
303862.49,4308,5,2.181517922820305,SuburbB,2011,175,2,Oil
539293.62,6553,4,3.846708619114467,SuburbB,2014,498,6,Oil
553699.5,4991,1,1.0207808894801205,Downtown,1976,468,5,Gas
522492.46,5841,1,1.7495671341115089,Rural,1991,668,9,Wood
55722.56,4884,1,1.35847536784155,SuburbA,1996,712,6,Wood
140045.8,1904,3,2.6552402790725096,SuburbA,2012,672,4,Electric
236247.8,23956,4,1.6780069809806362,Downtown,1958,374,8,Electric
159587.56,3573,2,2.7387050770509798,Rural,1958,595,2,Oil
513972.48,9747,2,3.883597809822371,Rural,1996,731,4,Wood
499436.98,5005,2,2.218631983005028,Rural,1962,961,10,Wood
239392.03,12298,4,2.338944894987828,SuburbB,1958,428,10,Electric
82411.21,17196,3,1.7105490852765626,Rural,1960,398,8,Electric
187771.71,12178,4,2.12120058585687,Rural,1966,216,10,Electric
303821.43,20906,5,1.7197088504347988,SuburbA,2013,572,4,Wood
194002.19,11046,6,1.276634687750505,Rural,2006,611,3,Oil
98808.03,9430,3,3.6346518741292724,Rural,2021,486,2,Wood
332534.52,21093,4,3.328976076865348,Rural,1989,137,6,Gas
598209.32,5083,2,3.6304065783230626,Downtown,1941,762,10,Gas
84251.37,19955,6,3.7098875834567426,Rural,2016,439,7,Gas
144622.87,1845,1,2.0349534816146218,SuburbB,1977,483,7,Wood
136954.22,23767,5,3.7617492228885228,SuburbB,1964,125,8,Gas
180897.2,11180,4,4.68219017868423,SuburbA,1934,951,3,Oil
529918.99,11720,3,2.8213305409035083,SuburbB,1986,594,6,Wood
183576.44,4698,4,3.8879757731188316,Rural,1960,168,5,Gas
60879.97,24790,1,1.0903404608124494,Downtown,2002,211,3,Electric
419252.5,18408,2,3.20764115930008,Downtown,1991,536,8,Electric
283291.09,14772,6,1.7378071006055746,Rural,1970,129,10,Electric
228886.09,16231,5,2.718211364413374,SuburbA,2010,319,4,Oil
267745.66,24560,1,3.3093916208074106,SuburbB,1966,433,4,Wood
495119.78,5234,3,3.6828057128976743,Rural,1987,754,6,Wood
157437.84,21531,4,3.348018858260872,Downtown,1965,965,8,Electric
489984.81,23572,6,4.202453532738829,SuburbA,2006,237,6,Gas
284815.25,9317,3,1.4677956158830079,Downtown,2008,244,9,Wood
443330.87,15204,5,1.55146919413823,Rural,1974,290,8,Electric
259911.42,19683,2,2.9585681047688355,SuburbB,1943,422,8,Gas
410951.04,13264,1,2.9384356777827354,SuburbB,2024,493,9,Wood
41432.27,14906,6,2.9669035200962552,Rural,1982,271,2,Gas
550903.11,8726,3,1.130780347432283,SuburbB,1988,395,3,Wood
369538.24,20035,6,4.090190552649485,Rural,1990,623,2,Gas
140009.31,10278,5,4.293131231990266,Downtown,1989,942,1,Wood
552636.38,19402,2,4.959102911506733,SuburbA,2014,949,4,Oil
191214.74,2556,4,2.0512608989649106,SuburbA,1976,986,2,Electric
421846.29,8377,6,3.3516955879072423,Downtown,2010,724,7,Electric
155096.19,21690,2,4.1393972398823395,SuburbB,2023,160,10,Oil
60203.18,18941,3,3.387430743538396,SuburbB,1961,820,5,Oil
165874.17,20267,3,4.8095893817549005,SuburbA,1937,868,7,Gas
584971.82,10587,6,1.507552674455241,SuburbB,1951,249,6,Electric
124886.55,23658,4,2.957834903662551,Downtown,2000,524,7,Wood
546587.45,3974,6,4.178394522670659,SuburbA,1971,627,5,Oil
472501.03,16399,4,2.309157120643721,SuburbA,2019,967,2,Wood
387487.65,22302,6,3.789155911154232,SuburbA,2021,647,7,Electric
443397.7,15578,2,2.9788597902219545,Downtown,1956,445,9,Electric
92866.26,20051,4,4.15321461390673,SuburbA,1925,201,8,Gas
434979.1,5571,2,2.7651437955057063,SuburbA,1974,307,3,Oil
173106.59,6709,3,1.3733599381026016,Downtown,1952,184,6,Electric
169321.93,3196,4,3.5024170966598165,SuburbB,1974,771,2,Gas
438783.45,1535,2,2.9072268330436564,SuburbB,1995,331,9,Wood
259510.01,1804,1,3.7823884291521948,SuburbA,1974,810,3,Wood
102830.37,3820,2,2.5322797027030908,SuburbA,1933,420,6,Oil
429038.61,5993,4,4.093841934602496,SuburbB,2002,793,3,Gas
154670.51,18883,5,1.0338989678120383,SuburbB,1976,459,4,Electric
311043.57,14990,5,3.7462646795029597,SuburbB,1931,202,3,Gas
251111.8,20819,6,2.536127637372483,Rural,1960,910,3,Electric
417693.74,10575,6,1.3369948639919467,Downtown,2019,807,1,Oil
95363.74,8232,5,3.4277074786878394,SuburbB,2015,501,5,Gas
128581.1,9342,4,2.543542299054374,SuburbB,1983,753,10,Gas
123424.43,18810,1,4.947530131372756,Downtown,1936,496,10,Wood
321887.88,13473,5,3.7317681960097047,Rural,2018,174,1,Gas
453147.31,1951,3,1.8629717540689366,SuburbA,2021,507,9,Oil
364861.7,22097,6,3.0041958620283005,Rural,1974,818,7,Gas
256436.92,22489,5,3.1506214325442032,SuburbB,1955,185,5,Gas
93458.07,18254,2,4.897253537418249,SuburbB,1988,434,7,Gas
287374.75,11663,6,2.7499441722023,SuburbB,1927,350,2,Wood
484406.78,5300,4,3.4491871776828886,SuburbA,1959,782,3,Gas
79770.32,1915,6,1.5488471895903233,SuburbA,1940,608,6,Oil
316212.11,6971,3,1.5077224299244993,Downtown,2013,220,1,Oil
513253.86,15568,3,3.095416845794677,Downtown,2011,690,2,Wood
315229.45,16415,5,2.440495582087013,Rural,1992,270,6,Electric
346876.31,9859,1,4.577073680577048,SuburbA,1949,858,9,Gas
156042.1,2943,1,1.9782058014268138,Rural,1966,492,3,Electric
206511.0,2658,5,4.212461945830215,Rural,1948,429,4,Wood
237575.53,11983,3,4.303987982210131,Downtown,1935,614,1,Electric
44641.32,8813,5,4.92565545576598,Rural,1928,998,8,Oil
410845.21,11680,3,1.3455420897332249,Rural,1921,477,4,Oil
210431.48,19974,3,3.9583039469336723,SuburbB,1979,477,10,Wood
132183.94,7903,6,4.6017731889056925,SuburbB,1939,106,7,Gas
495317.49,9134,5,2.3856947909576247,SuburbA,1962,101,7,Oil
223466.45,4906,2,3.11925795624005,SuburbB,1973,603,1,Electric
156915.57,24819,3,1.3721065534323529,SuburbB,1986,522,6,Wood
486834.52,4282,5,1.3823080213495422,SuburbB,2001,939,7,Gas
551534.71,20895,5,1.2491314540798326,SuburbB,1950,398,5,Oil
387453.73,14376,6,4.327599338750627,Downtown,1960,563,5,Electric
507538.06,3947,2,1.5444473856668761,SuburbA,1939,208,3,Wood
107804.13,16771,3,2.626050207636855,Downtown,2018,312,8,Oil
72663.56,16682,3,4.409928742644595,SuburbA,1940,926,5,Gas
324203.38,8545,3,1.5932951894763976,SuburbB,1965,505,9,Gas
237522.79,23689,3,2.0406671708848956,SuburbB,1923,514,8,Electric
591317.73,4603,4,1.407629394647382,SuburbB,1935,112,1,Electric
268436.03,5783,2,4.294693660753423,Downtown,2007,745,2,Oil
590757.52,3957,1,4.988645704521895,SuburbB,2002,554,3,Gas
274518.39,12364,1,1.1707852763617232,Rural,1926,272,10,Wood
167917.2,14443,4,1.117929172001166,Rural,1942,462,4,Electric
343541.79,10510,3,2.7840457225866255,SuburbB,1924,728,10,Electric
474968.08,22710,3,2.9955664399859963,Rural,1927,189,5,Wood
476833.58,5996,4,1.7978312266663465,SuburbB,2000,921,9,Gas
441962.51,14033,6,2.43644843935026,Rural,1964,679,9,Oil
345268.67,14226,3,1.7192634947914769,Downtown,1996,324,1,Oil
518365.49,3419,4,3.1177291678617265,SuburbB,1940,202,4,Electric
183852.66,10233,5,4.265140646434939,SuburbA,2017,324,10,Wood
205833.79,13126,2,1.7044014703199601,Downtown,2023,855,6,Gas
277384.95,24550,6,2.4067285939323524,SuburbB,1992,292,8,Oil
539234.74,7252,4,1.1518549648003988,SuburbA,1949,716,4,Gas
103329.75,18750,4,1.0027339855353232,SuburbB,2023,233,6,Electric
304118.42,12103,1,1.0876515849742892,SuburbB,2019,213,9,Oil
417394.31,3876,3,3.8181520385123253,Rural,1995,203,6,Oil
198705.32,12071,2,4.903442685529705,Rural,2021,754,8,Oil
454460.96,7208,6,4.874971585332671,Downtown,1948,781,10,Electric
170501.75,13898,3,3.935979893460823,Downtown,1936,281,1,Wood
529430.35,20095,1,1.7283270240541895,Downtown,2023,726,4,Gas
154641.16,17758,2,2.3246737046642103,SuburbA,1950,455,6,Electric
251456.54,22346,1,4.286647221713239,Downtown,1977,111,5,Electric
479746.46,9676,6,1.2711791202569351,Downtown,2020,210,1,Gas
132851.55,14146,4,3.9303379779950744,SuburbB,1972,604,7,Oil
470709.08,19392,4,1.4057142385484864,Rural,2020,984,10,Electric
295289.05,6829,4,1.2948375582454967,SuburbA,1957,120,6,Oil
372903.55,4931,1,2.367232804599559,Rural,1940,849,2,Gas
120066.45,12573,5,4.941104400564573,Rural,2010,131,7,Electric
474905.46,21400,4,1.6284151093231363,SuburbA,1962,310,4,Wood
242378.89,24345,5,3.8881524183027025,Downtown,2004,388,5,Electric
334464.37,4642,1,2.571608858459288,Rural,1939,155,6,Gas
102882.49,15511,1,2.1781977958648593,Rural,1945,199,1,Electric
421297.24,7097,6,2.16724586418443,SuburbA,1980,964,2,Oil
74324.62,14524,4,2.956387248482629,Downtown,1931,757,9,Wood
206221.12,7558,3,4.541970770998155,Downtown,1943,556,1,Oil
316050.45,15909,4,2.053603238649436,Downtown,1992,163,3,Gas
46705.53,4308,6,2.3751655461841867,Rural,2016,703,4,Gas
182542.85,14184,5,2.674528299737802,Rural,1993,341,8,Oil
378397.88,4087,4,4.611108805356617,SuburbA,1984,684,9,Electric
344640.42,5441,4,1.6915158912259778,SuburbB,1947,927,4,Electric
209740.14,2898,4,1.3134740885579563,Rural,1945,942,3,Oil
103247.48,11977,6,4.6566957475943465,SuburbA,1931,497,9,Wood
421870.48,19589,3,4.426496722584988,Rural,1921,905,10,Wood
496406.73,5187,4,1.5985692783653658,SuburbA,1933,676,2,Oil
266595.96,19051,3,4.51157425078422,Downtown,1969,770,8,Wood
530072.78,2727,2,2.101656568139015,SuburbB,1999,723,7,Gas
135749.78,14469,3,3.762055016683915,SuburbA,2015,586,5,Oil
527085.05,2162,3,4.26954370122111,Downtown,1959,387,8,Gas
402214.16,8969,2,2.20192179006992,Rural,2019,945,6,Oil
135743.75,15156,5,3.582219245710577,SuburbB,1976,316,7,Wood
451648.13,18424,3,4.284069569593841,SuburbB,1928,418,9,Wood
117585.67,5944,5,4.517330365439424,SuburbA,1942,297,4,Gas
393300.8,9675,1,2.8257946685123225,Downtown,2010,303,5,Oil
589949.7,16711,5,2.5877691100659908,SuburbA,2007,131,4,Oil
450661.87,17516,5,2.7844137304301166,Rural,1995,664,6,Oil
426342.03,6858,3,3.995844537939733,SuburbA,1956,128,7,Gas
83085.68,6838,5,4.1193205405747175,SuburbB,1948,762,4,Electric
481045.63,10317,6,2.6380287859821685,SuburbA,2019,885,1,Wood
96721.13,5835,6,1.692802625928579,SuburbA,1948,358,10,Oil
260890.86,24855,6,3.570961245160656,Rural,1968,972,6,Wood
333092.78,9757,2,2.8667920619888627,Rural,1994,204,1,Oil
74561.81,19897,6,3.37509017017633,Downtown,1958,800,2,Wood
536433.61,3591,3,4.9534438632870685,Downtown,1955,367,5,Electric
194850.78,6412,5,4.061897553214493,SuburbA,2023,977,10,Wood
230118.9,23144,3,3.723023001549527,SuburbA,2003,609,5,Oil
351629.01,15215,4,2.5530996840218334,SuburbA,1994,825,10,Electric
58570.21,12744,6,3.853477156828737,Rural,2005,467,9,Oil
279393.0,7070,6,4.505979137368442,SuburbB,1957,199,8,Electric
410691.28,9975,6,4.233375476569881,SuburbB,2007,443,2,Electric
555003.38,13141,2,3.976839717371232,Downtown,1973,907,6,Oil
147229.65,10038,5,2.176204486601371,SuburbA,1980,154,10,Gas
172210.0,16973,2,3.0019094979708174,Rural,1987,405,7,Gas
85134.93,6440,2,4.969391411551731,Downtown,1972,683,8,Electric
470957.56,11867,6,1.7214270764273754,SuburbA,1982,440,3,Oil
145873.21,22291,1,1.0188540056959754,Downtown,1946,879,3,Electric
115096.54,17542,1,1.5176238302731435,Rural,2001,539,7,Wood
547557.32,17143,4,1.0186765503205453,SuburbB,2013,482,1,Oil
279890.25,18900,2,1.071664502523784,SuburbA,2000,851,4,Electric
199586.39,24225,3,2.248369041947448,SuburbA,1969,615,10,Oil
517712.11,6972,1,4.2953753186976416,Downtown,1957,566,9,Oil
557624.93,15710,6,4.981889639311714,Downtown,1982,467,4,Electric
524951.68,14718,1,1.913673139343302,SuburbB,1947,851,1,Electric
477476.64,5535,3,3.8444403603834023,SuburbA,1968,997,5,Gas
519232.63,20961,1,3.6478796633515786,SuburbA,1926,806,2,Wood
274851.83,16059,4,1.494380251982283,Downtown,1980,818,3,Electric
553811.69,24280,6,3.5212453606517475,Downtown,1973,777,2,Oil
448300.39,21907,5,3.802905384813652,Rural,1933,623,10,Gas
325188.3,10763,1,4.139040264673939,Rural,1945,723,4,Oil
307924.36,18642,2,2.4316873462032302,Rural,1957,264,1,Wood
497824.87,8305,6,4.73249737860751,Downtown,1950,102,1,Gas
162655.28,5118,5,3.67608772200656,SuburbB,1931,898,9,Gas
300034.42,4819,3,3.5773471662747944,Rural,1957,370,8,Gas
475202.15,4770,2,4.496561796648637,Downtown,1966,920,6,Wood
313982.01,5297,1,4.404983602708697,SuburbA,1921,972,3,Electric
293048.17,12269,3,4.578110469511584,Downtown,2013,195,6,Oil
109440.87,7492,1,2.6031100571230117,Rural,1954,955,7,Wood
205103.41,15319,6,4.544495546725678,SuburbB,1934,235,1,Electric
121874.6,4898,4,4.644907045088717,Rural,2022,682,8,Electric
100757.63,21531,4,4.116657178360191,SuburbA,2007,958,3,Wood
581453.94,17494,1,4.550375712254175,Rural,1925,164,5,Oil
331633.03,1905,6,4.473329087434081,SuburbB,2005,994,6,Gas
90362.98,15683,6,3.906607873695403,Rural,1964,779,7,Electric
314442.5,19795,5,1.2182644609107034,SuburbB,1984,969,8,Wood
54101.33,6919,1,4.005720004190444,Downtown,1950,438,5,Gas
350942.4,18111,2,3.201982278922716,Rural,1971,936,4,Gas
439180.23,16543,4,4.205045150906889,Rural,1931,977,8,Wood
80851.0,11856,1,4.922682955782811,SuburbA,1933,513,7,Gas
85700.59,19756,5,1.0006788619133458,SuburbA,2021,718,10,Oil
384127.74,18157,5,1.8274049953995934,Rural,1963,472,1,Electric
148643.58,16391,3,3.2406033804242727,Rural,2011,772,6,Wood
322287.6,5236,1,4.037279804316468,SuburbB,1920,449,6,Oil
224620.3,19446,5,2.4955614418416037,SuburbA,1925,268,8,Electric
399141.07,24989,6,3.8862363818052637,SuburbA,1952,725,4,Electric
499396.29,5456,4,1.862358017475784,SuburbB,2011,446,2,Wood
216903.17,3023,6,4.34986494994586,SuburbA,2018,561,8,Electric
461285.82,17845,1,3.121457390076337,SuburbA,1990,543,10,Wood
512511.58,18157,2,3.7672708504961245,SuburbB,2013,934,3,Gas
317298.08,14194,6,3.402184087221645,Downtown,1984,493,7,Electric
107537.9,10465,4,4.854374150719011,Downtown,1977,924,3,Electric
183914.26,15024,5,3.8000571395885006,Downtown,2009,660,6,Electric
181633.51,8082,2,3.4966703568215527,Downtown,2007,453,3,Electric
513439.88,18011,5,3.7772478949093053,Downtown,2010,218,6,Wood
408933.71,20597,5,4.770694603537239,Rural,2006,865,9,Oil
500170.12,15340,1,3.090919944836809,SuburbA,1968,248,1,Gas
227802.45,8050,3,4.000740074680214,SuburbB,1956,799,5,Electric
134876.85,3532,6,4.137429603789466,SuburbB,2016,654,1,Oil
242924.85,16330,1,3.4644353350411463,SuburbB,2015,762,9,Wood
161813.97,9285,5,4.137228691483546,Downtown,2008,780,1,Wood
140831.65,14199,4,4.826807880047307,Downtown,1990,155,1,Oil
416176.27,8154,5,4.475399845270064,Rural,1948,748,6,Electric
91161.51,7840,3,2.795259689611968,SuburbA,1943,277,9,Gas
379064.22,13860,1,2.714031257602937,Downtown,1936,264,10,Oil
56644.15,1684,3,2.8653253528383162,SuburbB,1925,257,6,Gas
381513.22,21992,5,4.3725599247780504,Downtown,1982,908,10,Oil
511966.2,3888,6,2.271436021488758,SuburbB,1943,633,2,Electric
289827.27,15129,5,3.1481438101356347,SuburbA,1964,326,4,Oil
490657.46,12348,3,2.1742974286808154,Rural,1991,943,1,Gas
566642.0,23419,3,2.78266898513877,SuburbB,1925,798,6,Wood
62253.48,5215,4,2.0263622266124877,Downtown,1923,629,6,Wood
433656.84,17451,1,2.1857358782971383,SuburbB,1961,626,2,Gas
425283.45,6985,5,3.1328232886591727,SuburbA,1946,786,4,Wood
427989.67,4905,2,3.151016856096645,Rural,2002,936,2,Electric
181641.08,2278,4,3.8674731353436522,SuburbA,1931,175,1,Electric
113433.59,9754,5,1.2817683689285007,SuburbB,1953,517,7,Wood
315764.47,22150,4,2.7321001385570836,SuburbA,1969,789,2,Gas
53961.77,22518,6,3.4733974356424087,SuburbA,2009,968,2,Oil
128897.1,17976,1,2.1593463953403202,Downtown,1997,188,5,Wood
447590.17,13998,4,4.288489480636214,SuburbA,1980,260,9,Electric
583778.95,5968,6,2.563970261715961,Downtown,2001,247,5,Oil
475143.59,1865,5,4.499067710491113,SuburbB,1935,142,1,Wood
450620.32,19101,5,4.787917556915487,Downtown,1946,866,6,Electric
361734.8,15021,6,4.4058354053662026,SuburbB,1940,288,4,Oil
468107.17,7867,1,1.7254319390946002,SuburbA,2016,662,8,Gas
269510.31,11024,6,1.2694510296192054,SuburbA,1945,843,10,Wood
420541.56,12341,3,1.5128605863838063,SuburbB,1932,391,10,Gas
223251.16,7840,3,2.943444921095549,Downtown,1998,775,5,Electric
527060.01,20032,5,2.457973742714517,Downtown,1974,272,1,Oil
99473.6,9566,2,3.8487965089027942,Rural,1955,960,6,Electric
392492.11,23768,6,2.3262518011893576,Rural,1979,556,6,Oil
96408.22,17457,5,1.4353305451801464,SuburbA,1955,979,3,Electric
119963.05,10125,6,4.545343328315582,SuburbA,2013,177,1,Gas
492341.86,20567,5,2.620537870204456,SuburbB,1924,664,5,Wood
432544.16,22927,2,2.463274520412038,SuburbB,2018,703,5,Electric
77436.4,16727,5,3.041647973375142,Rural,1966,614,1,Electric
69507.13,21620,6,1.6633742081286331,SuburbB,1977,263,3,Electric
453679.47,17343,3,1.1616793042069409,Rural,1949,164,5,Oil
159224.56,9168,1,3.6743424000374696,Downtown,1969,580,8,Gas
251741.26,2807,6,2.2962844402559104,Downtown,2014,369,10,Electric
529510.57,13842,6,2.514074068227314,SuburbA,1986,357,7,Electric
587874.06,18420,4,2.4115920310389027,Downtown,1982,911,8,Gas
425404.95,17944,2,2.7595948030235116,SuburbB,1929,626,5,Electric
431782.98,6423,2,1.6294294107622784,SuburbA,2004,335,7,Oil
269379.16,5213,4,3.7009177052621434,Rural,1946,704,3,Wood
85120.05,2235,2,1.1725773253406615,SuburbB,1937,744,9,Gas
478565.89,20252,2,1.2236480166417767,Downtown,1943,629,7,Gas
356234.97,23184,3,4.7890154744907765,SuburbB,1977,721,8,Wood
281346.79,7089,2,4.321454298817123,SuburbB,2021,696,3,Oil
298722.76,6995,6,3.742364655216672,Rural,1996,704,2,Electric
257851.51,13893,4,1.5288527938297425,SuburbA,1945,635,9,Wood
292387.63,6400,5,1.3851943068928176,Rural,1998,714,1,Gas
147489.74,4553,4,3.6375704446532975,SuburbA,2019,794,7,Wood
559488.76,13636,1,3.790571228558317,Rural,1949,921,8,Wood
141268.97,12985,5,4.218484155577244,SuburbA,1974,237,5,Wood
156955.49,9118,1,2.1330666720358233,Rural,1952,293,1,Gas
296042.1,20439,5,1.471314415924604,SuburbA,1968,770,4,Oil
438072.74,14897,3,1.4263328657978347,Rural,2003,699,5,Oil
536700.47,19067,4,3.2586809505714203,Downtown,2007,506,4,Wood
258102.69,19591,5,2.9298710280275224,Downtown,1991,668,8,Oil
66114.05,11548,5,2.3774252168594145,Rural,2014,241,2,Electric
125591.13,16134,6,4.796980713659379,SuburbA,1947,620,7,Oil
152094.04,19541,5,3.7882296348978413,SuburbA,1940,498,1,Gas
552554.39,6262,4,4.703447151191396,Rural,1931,165,5,Electric
418820.09,13651,1,3.436115444831709,Rural,1971,728,9,Oil
152454.22,24817,5,1.2298521383320047,SuburbB,2001,606,8,Gas
372406.85,8109,6,4.723033869383034,Downtown,1944,134,10,Electric
500469.05,21658,2,3.6960975240487195,Downtown,1950,770,1,Electric
319650.31,4345,3,4.1186915159056685,Downtown,2005,504,7,Electric
346024.76,18465,1,3.94770216058558,SuburbA,1931,662,5,Oil
169088.58,12886,3,1.9051820518482745,SuburbB,1978,513,10,Gas
125244.74,10055,2,2.6285385044288065,SuburbA,1991,174,9,Oil
303220.66,12640,1,4.211768970289429,Downtown,1988,932,10,Oil
277220.09,24247,4,4.864221822532423,Rural,2018,349,6,Wood
326679.2,23834,4,4.586095290983513,SuburbA,1981,219,5,Gas
388154.29,14039,6,4.154624074524582,SuburbB,2006,818,4,Oil
595067.11,15014,3,3.066016868819353,SuburbA,2009,952,5,Electric
485953.31,10913,1,2.5957225463896365,Downtown,1929,667,3,Wood
400053.85,11784,3,1.874264535138495,Downtown,1943,864,4,Wood
275492.88,8042,2,3.9417162609713228,Downtown,1946,334,4,Electric
413402.33,21770,3,1.6239822739046357,SuburbA,1935,180,8,Gas
66004.78,19243,1,4.39204238302386,Downtown,1999,422,8,Oil
359376.13,17582,2,4.937578730710218,Downtown,1970,327,10,Electric
534723.9,3274,5,4.1970796711199245,Rural,1989,133,9,Oil
478449.36,14401,6,4.103615855419646,Rural,1935,815,9,Wood
532973.74,11843,6,1.0336744192785017,SuburbB,1968,694,2,Oil
497624.83,13348,5,4.447368093124055,SuburbB,1990,369,4,Oil
321419.21,16945,5,2.372385840592508,SuburbB,1983,534,4,Wood
388536.82,24460,3,2.4603119449116613,Rural,1955,561,3,Electric
275840.97,20370,6,1.9142669979986744,SuburbA,2012,376,4,Wood
400347.13,13980,2,1.5833749413501454,SuburbB,1980,925,1,Electric
413321.64,15312,4,1.537886738644891,Downtown,2020,598,5,Oil
262573.01,19920,5,1.1908372163296312,SuburbA,2008,267,1,Electric
449927.45,9832,4,4.355886835749811,SuburbA,1977,862,6,Oil
155446.75,13328,3,3.241400139257058,Downtown,1964,120,7,Gas
154718.99,13004,6,4.852466243671657,SuburbB,1993,689,9,Electric
579047.07,10826,3,2.3003611467240104,Rural,2019,854,8,Gas
591561.5,13986,5,2.1460943062231563,SuburbB,1941,755,6,Wood
467753.61,22185,5,3.2865502954951737,SuburbA,1930,265,6,Electric
128981.42,11772,3,3.6120523897217613,Downtown,1997,760,7,Oil
497335.21,16078,3,3.991581993905299,Rural,1972,271,3,Gas
522051.55,5597,6,1.938508768737988,Downtown,2015,817,2,Electric
284125.79,6969,4,1.4120372562275443,SuburbA,1980,661,1,Gas
481053.08,14509,5,4.059985488534383,SuburbA,1933,368,10,Electric
94216.16,4262,6,4.726358320876101,Rural,1959,334,4,Oil
409942.6,16021,6,1.5056468287490934,SuburbB,1923,135,6,Oil
586420.29,17102,4,4.899926181760378,Downtown,1990,555,3,Electric
397401.67,20860,5,2.826173681946025,Rural,1987,755,9,Oil
299709.37,12876,4,3.1586724885442385,SuburbA,1976,415,6,Wood
450173.66,10013,2,2.214291662292356,SuburbA,1986,934,3,Oil
504683.77,10896,4,3.140395552167806,Rural,2016,588,5,Gas
348422.31,15604,3,3.3880150089030083,SuburbA,1990,482,4,Wood
558795.08,19868,4,2.5790083184807333,SuburbB,2011,854,7,Wood
559976.29,8728,3,1.3168389327001386,SuburbB,1986,882,10,Oil
502123.6,10828,6,3.971707568524607,Downtown,1972,292,2,Electric
573774.63,5976,3,1.4414254020718547,Rural,1999,563,5,Wood
261379.44,7653,3,1.0775815889879854,SuburbA,1988,122,3,Gas
240767.2,10744,3,1.5001568113325816,Rural,2013,108,4,Gas
497938.29,6437,1,2.9743182127829813,Downtown,1973,419,8,Oil
572694.96,16694,6,4.165698857061181,Downtown,1930,963,3,Gas
360983.41,10232,4,1.2855387789962274,Rural,1943,296,5,Wood
597345.22,1913,1,4.898394011501839,SuburbB,1969,889,8,Electric
423321.48,2598,2,2.8433385412491194,SuburbA,1986,781,4,Wood
402819.69,14250,6,4.8448555860552,Downtown,1940,744,1,Gas
469648.94,9800,4,3.554080048168095,SuburbB,1966,153,4,Gas
374485.77,9232,6,2.7366466022882903,SuburbA,1941,913,5,Gas
588287.11,14469,2,1.0357194235573686,SuburbA,1994,902,8,Electric
446903.7,13669,1,1.99488902561958,Rural,1931,802,10,Oil
478548.37,21984,1,1.23910052643769,SuburbB,2009,649,2,Electric
440069.26,17485,2,2.2669582361482292,Downtown,2023,549,4,Gas
401803.79,24085,4,2.4326699890017256,SuburbB,1952,140,8,Wood
313294.32,19818,3,3.1709363072227768,Rural,1944,680,3,Oil
122410.84,12106,6,2.8735788844622507,SuburbB,1928,643,3,Wood
569012.65,11188,3,3.166423808548233,Rural,1920,894,9,Wood
212123.87,7579,1,3.4789384262808944,Downtown,2019,735,4,Oil
100041.8,3575,6,4.8686526280330575,Rural,1944,636,8,Electric
72721.42,21588,3,2.290400159651176,Downtown,1934,198,9,Gas
122303.39,2934,2,1.7145552001444333,SuburbA,1945,209,8,Electric
318335.19,4735,1,3.284048725418796,Rural,2004,601,9,Oil
116964.31,3108,3,1.8828911365852838,SuburbA,1921,313,8,Gas
565753.1,16837,6,1.242800753144206,Rural,2025,477,1,Oil
488778.65,18834,1,3.9372013530250825,Downtown,1929,321,9,Gas
163457.96,4816,6,1.9240720132488325,Rural,1944,297,9,Electric
69029.48,20178,6,4.790013378229674,Rural,2015,208,10,Oil
243870.3,23601,4,3.8102016647232277,Rural,1933,270,3,Wood
83276.91,18037,3,3.630127524083151,Rural,1965,422,9,Oil
277313.39,13680,4,4.056737471617485,Rural,2025,843,6,Electric
500578.48,19953,5,1.8557125441748816,Downtown,1966,563,8,Wood
395758.05,1506,6,1.1386516089128396,Downtown,1996,116,9,Electric
496740.69,11390,1,2.2013358469126945,SuburbB,1947,976,6,Gas
234451.09,24100,3,4.676448331882451,SuburbB,1932,138,8,Oil
466713.32,6615,2,2.059952717038479,SuburbB,1949,362,5,Gas
392632.46,20193,4,3.2762597476804793,SuburbB,2013,179,6,Wood
160921.32,7165,4,4.302820977539541,SuburbA,1996,757,5,Gas
218131.84,20383,4,1.3139095836914154,SuburbA,2018,442,6,Wood
461469.44,15148,1,4.479146056484879,SuburbB,2015,768,10,Gas
488890.23,22271,6,2.529947848741053,Downtown,1987,142,6,Electric
446094.21,12209,5,3.7910746103762736,SuburbB,1926,789,7,Wood
69773.85,21001,5,3.018917384448139,SuburbB,1975,396,7,Electric
456728.63,5831,3,1.3301804505543307,SuburbA,1990,508,5,Gas
470109.17,14558,5,2.7379644445724822,SuburbB,2017,238,8,Electric
97320.38,17486,4,3.6089937559166754,SuburbB,1991,730,9,Electric
458498.64,9440,1,2.065028362774011,Rural,1961,801,10,Gas
229983.35,5187,6,2.6543282098633227,Downtown,1964,295,6,Oil
553646.38,20960,6,1.0968273213410762,Downtown,1941,458,10,Wood
545058.86,21920,2,2.7618536962532265,SuburbB,1945,801,6,Electric
568558.11,4311,1,3.9583265201609734,SuburbB,1999,251,5,Gas
548035.03,12748,6,4.2171230945371985,Downtown,1977,582,1,Oil
61907.72,8348,6,3.1520218316279442,SuburbB,1989,635,5,Wood
443660.17,21915,6,4.969208512942416,SuburbA,1968,696,9,Gas
55799.5,9870,2,1.2404401983026725,SuburbB,2021,813,10,Oil
88340.8,3239,4,3.619031487261548,SuburbA,1928,497,5,Oil
472195.76,5035,1,2.1699823101583253,Rural,1949,489,9,Gas
588843.3,11836,4,4.467090982112479,SuburbA,1943,303,9,Wood
294504.83,19872,6,1.0859538328573821,SuburbB,1987,412,6,Wood
521822.54,14390,6,1.6280210023633308,Downtown,2007,460,6,Oil
69864.67,9239,5,2.1035131159988896,SuburbA,2000,363,7,Gas
210753.59,19684,3,1.9023307905110172,Downtown,1970,772,3,Gas
371156.05,14024,5,4.842422773778287,SuburbB,1973,346,10,Electric
57451.48,15474,3,4.638941574256685,Downtown,1977,655,3,Electric
503600.95,22880,2,3.3241228026555127,SuburbB,1937,416,9,Electric
259171.76,15592,2,3.624927012116609,SuburbB,1960,169,9,Gas
165093.29,7533,3,4.358090039480869,SuburbB,2013,130,6,Wood
100329.72,14975,3,2.772017948198608,Downtown,1939,897,4,Gas
473434.56,5810,2,1.104792885853275,Downtown,1997,680,10,Electric
71620.72,21041,2,1.9236495103650655,SuburbA,1965,181,8,Electric
230962.54,17960,5,2.8750539932256673,Downtown,1943,972,7,Wood
75980.8,17027,2,1.655145501889581,SuburbB,1924,518,1,Oil
248567.52,15034,2,3.969466646651598,SuburbB,2016,309,2,Electric
133415.86,15894,5,2.9597715940434544,Downtown,1978,352,7,Wood
125896.99,2870,5,3.9413271195986423,Rural,2012,420,7,Gas
533283.53,18560,1,2.8064383702546483,SuburbA,1951,631,9,Wood
83183.78,2786,5,2.549591407660445,SuburbA,1944,398,8,Wood
418898.06,11479,3,2.845388655855852,Rural,1957,727,1,Electric
66852.01,16690,6,2.8067923513186215,SuburbA,1943,897,10,Electric
302603.79,14380,4,2.2938437298204257,SuburbA,1942,564,10,Electric
264110.79,16399,1,2.000329176308953,SuburbB,2011,850,2,Gas
220854.51,5240,6,2.797593672098887,Downtown,1930,636,7,Electric
594852.94,13908,5,2.522428037044587,SuburbB,1962,679,3,Electric
186957.15,6238,2,4.076627186299786,SuburbA,1973,415,5,Wood
353452.36,10962,6,1.7227841054664244,SuburbB,1945,103,10,Oil
193281.82,1900,4,2.990510429603191,Rural,1989,926,1,Wood
180927.31,9294,2,3.355449308737237,Rural,1978,519,8,Gas
319818.47,21200,5,1.0262920929406034,Downtown,1999,743,9,Electric
221163.45,3102,2,1.5930246727187614,Downtown,1924,248,1,Oil
128140.12,12349,1,1.1961254509951962,Rural,1942,265,5,Electric
327324.84,16420,6,3.3158651697691868,SuburbA,1931,886,5,Oil
70092.98,13577,4,4.281058969130118,Rural,1990,166,5,Wood
99468.83,5908,1,3.778477753979204,Downtown,1962,639,7,Electric
42876.01,24300,2,3.4482149797136956,SuburbA,1993,847,9,Gas
218966.92,17348,6,3.7546171130173804,Downtown,1974,723,6,Oil
270596.27,18716,5,4.980097342230205,Downtown,1936,729,10,Wood
62503.98,18529,6,3.5274304299873442,Rural,2023,284,10,Electric
440579.36,24718,3,4.917030638264281,SuburbA,1935,124,8,Gas
419730.29,8293,5,4.995948029000523,Rural,1925,441,6,Electric
63124.71,1870,6,1.8047485557203609,Downtown,1952,909,2,Oil
102657.76,11339,5,3.1999743975378223,SuburbA,1934,802,6,Oil
291176.86,14477,6,3.2756861631868284,SuburbA,1942,298,6,Oil
193188.52,23535,4,4.664652212694301,SuburbA,2002,239,8,Electric
78863.0,22052,4,4.568233307159673,Downtown,1979,902,7,Gas
586915.13,18574,3,3.259770563988809,Downtown,1991,648,1,Electric
345599.55,20420,6,2.326877170787314,Downtown,1928,252,5,Gas
524817.13,12613,4,3.5060433904610027,SuburbB,1993,720,7,Electric
384083.05,21003,1,4.458374762008903,Downtown,2010,978,6,Gas
254660.81,10396,4,1.3471911399678715,SuburbB,1967,562,5,Electric
549833.94,18706,3,1.7000509831974289,Downtown,2020,138,4,Gas
423950.67,16041,5,1.0997390985198399,Rural,1984,257,4,Oil
575497.23,17342,6,4.495516375411389,Downtown,2019,435,3,Gas
123328.52,18413,6,4.97088137664548,SuburbB,2012,137,8,Wood
389712.49,24885,5,1.4633439482483226,Downtown,1925,803,10,Gas
98505.58,12421,4,4.556743503991955,SuburbA,1986,884,5,Gas
524703.77,20425,3,3.555403408173787,SuburbB,1961,305,4,Oil
186437.18,10565,5,2.2765991620059935,Rural,2005,220,5,Electric
181139.67,6660,3,1.4578415756004066,SuburbA,1946,655,6,Oil
171657.79,10381,2,4.773111274968198,Downtown,1993,350,3,Gas
262775.38,11703,5,4.5689724188667205,Rural,1926,233,1,Wood
71241.53,23634,1,1.423707675445069,SuburbA,1931,536,7,Electric
564941.23,24590,5,4.565103578351623,Rural,1998,464,5,Oil
197512.99,7992,6,4.0336101851126624,SuburbA,2016,882,8,Electric
183937.18,4544,6,2.8731036215204893,Rural,1959,800,8,Wood
511158.95,9092,2,1.5748867351143438,Downtown,1966,501,3,Oil
553761.79,12141,4,2.9500269302804507,SuburbA,1980,215,6,Wood
321617.53,16613,2,2.129029475687191,Downtown,1997,688,3,Gas
432114.71,14793,6,4.1870310934478425,Downtown,1991,765,2,Oil
363319.12,18957,4,2.603265899137734,Rural,1950,735,4,Electric
597367.13,17306,4,1.2642397386048483,SuburbB,2024,810,10,Wood
441627.03,15765,5,4.149307082361007,SuburbB,1942,778,2,Wood
267489.38,5246,5,3.3843019742640386,Downtown,1991,199,8,Electric
365543.13,11593,4,1.2784305393177027,SuburbA,2007,933,10,Wood
414292.44,12228,4,3.579956461792134,SuburbA,1931,322,3,Gas
536174.3,6307,6,1.5968657270960334,Downtown,1969,730,10,Wood
427377.76,7911,2,3.7260671519465847,Downtown,1958,683,5,Wood
434229.44,12780,1,3.330907911304213,Rural,1936,972,5,Gas
449986.82,13598,5,4.871598066482761,SuburbA,2010,673,6,Gas
186034.83,10747,1,1.9409646818553057,Rural,2000,425,7,Wood
481770.04,14003,4,3.1804751518731136,SuburbB,1980,242,4,Wood
230542.06,13305,4,1.6170691635749002,SuburbB,1937,111,2,Gas
142336.12,6218,6,4.5395547296613845,Rural,1937,186,3,Wood
433257.7,16443,6,3.417718050787181,Rural,1999,284,8,Wood
355054.18,19589,4,2.5388588713201052,SuburbB,1943,534,10,Gas
541691.63,20437,4,4.387215546694796,SuburbB,2011,613,5,Wood
571480.53,19396,5,2.467880101009067,SuburbA,1992,594,6,Gas
286351.54,20514,4,4.846950998619118,SuburbA,1938,847,9,Oil
79225.81,16735,5,1.3129384077595705,SuburbA,1951,583,2,Oil
411006.44,21588,1,4.614341090427224,SuburbA,1980,564,9,Wood
173498.21,20307,6,2.3260559565131693,Downtown,2022,401,5,Electric
572304.75,2657,6,4.691458064247266,Downtown,2013,903,10,Oil
590767.12,3512,6,2.892642127816113,SuburbB,1993,152,5,Gas
80081.78,10898,4,1.3300406672603287,SuburbA,2020,384,5,Electric
433986.19,21678,3,2.100868459280085,Downtown,1921,859,2,Electric
584023.11,20891,6,1.6045424538599145,Rural,1967,927,3,Oil
95348.6,24462,2,2.9396740550043936,SuburbA,1963,186,3,Electric
313949.75,17751,4,4.081471156572311,SuburbB,2004,550,3,Electric
563442.17,20431,6,4.3673321409546055,SuburbA,2002,370,2,Gas
528267.61,6991,4,2.594979210979698,Downtown,1980,864,9,Electric
221590.31,13945,6,3.8224312183281923,Rural,1953,248,9,Wood
546041.47,1888,3,4.708890104213626,Rural,1968,794,6,Gas
589928.46,4690,5,3.5496966050215986,Rural,1998,767,5,Oil
354477.86,10358,3,4.209265443631315,Downtown,2003,698,7,Wood
255839.02,23627,6,1.9671878735516501,SuburbB,1986,445,3,Oil
211954.34,19444,1,3.6912074389599607,SuburbA,1921,521,2,Gas
223338.93,23962,4,2.406065679175148,Downtown,1952,297,1,Gas
118379.17,21796,1,1.2275276463778453,SuburbB,1996,753,2,Gas
70351.36,4330,5,1.519629012821866,SuburbB,1934,812,3,Oil
419082.67,11152,4,3.6419113855416194,SuburbA,2001,564,5,Wood
61664.79,24182,6,4.079522036615598,Downtown,1952,265,2,Oil
106771.48,3544,4,2.554361710925541,SuburbA,1953,932,5,Electric
210177.27,15936,1,2.9668871456212393,SuburbB,1998,502,3,Wood
588747.08,5053,2,3.162528627178291,Rural,1947,728,2,Wood
364427.66,24942,3,1.413148463811305,SuburbA,1929,685,5,Wood
174369.31,2114,4,1.5954171017666257,SuburbA,1924,780,7,Oil
381456.84,6467,6,2.319323477286623,Rural,1993,103,9,Wood
397910.18,17167,4,2.615651006819282,SuburbA,1989,331,1,Wood
350652.02,24085,4,1.4848146011604033,Downtown,1962,798,5,Wood
97001.01,3308,6,4.988063185179945,SuburbA,1966,647,6,Gas
46073.1,16561,3,3.5911702872252604,SuburbB,1990,140,7,Electric
119417.54,11293,6,2.5604189007419556,SuburbA,2000,805,6,Wood
228659.84,4280,6,2.751934997300034,SuburbB,1937,136,4,Gas
158097.38,20929,2,2.9569302019109585,SuburbA,2021,653,5,Wood
516575.78,18996,4,4.8662965594480525,SuburbA,1924,447,1,Oil
322216.43,2902,4,1.472748434891646,Rural,2006,991,9,Electric
148416.62,20484,2,4.699263247014089,SuburbA,2014,244,8,Gas
131834.91,16940,5,1.1832067740762993,SuburbB,1921,276,1,Oil
107105.21,4688,4,3.444903557619136,SuburbA,2024,937,2,Gas
233264.45,17790,5,4.196700889337913,SuburbB,1928,923,4,Wood
240394.61,12554,6,3.7135913491847696,Downtown,1935,800,10,Electric
279464.71,12037,2,4.0569115294690885,SuburbB,1962,164,2,Oil
473356.78,6128,4,1.6722034125416214,Downtown,1990,268,8,Electric
406416.86,20570,1,1.5334835082282972,Rural,2019,261,1,Wood
96514.38,4145,1,1.02889597950616,SuburbA,2010,767,10,Oil
281602.32,15138,6,4.229647212989351,Rural,2008,229,4,Electric
445283.05,22465,3,3.0923474565273263,Rural,1950,278,10,Gas
67064.67,21038,2,3.868795022365082,SuburbA,2000,946,5,Oil
82121.05,15222,1,3.230841613877982,SuburbB,1935,642,2,Oil
527830.43,19185,5,1.8771045346324442,SuburbB,1955,154,4,Gas
176565.19,6389,6,4.375126778142864,Rural,1983,280,3,Gas
299381.38,3270,6,2.4567722763140356,SuburbB,1975,357,6,Wood
352761.54,2919,1,3.9616675392525367,SuburbB,1940,904,1,Wood
429148.04,18372,1,1.283437993975853,SuburbB,2012,555,10,Oil
381198.83,15231,2,3.988347014094965,Downtown,1949,897,2,Oil
177353.11,8963,1,1.9484734457060058,Rural,1945,484,4,Gas
83462.84,16933,5,2.937630863617043,Rural,1938,321,10,Wood
571362.05,7334,4,2.4939403276564063,Rural,2012,298,6,Oil
595563.52,8126,3,1.5088470587758596,SuburbA,1955,239,2,Wood
505874.18,16526,4,1.6848052668672673,Downtown,1948,402,10,Electric
386110.46,22405,5,4.622312401829227,SuburbB,1931,521,9,Wood
475112.68,8592,5,2.8939559709128444,Rural,1955,114,7,Electric
456319.1,9620,3,2.7369948798259207,SuburbB,1995,252,10,Gas
311816.24,15189,1,1.1602347192547766,Rural,2013,887,9,Gas
580427.04,15449,5,2.5772806250831284,SuburbA,1977,607,4,Gas
411144.6,19800,1,3.7726393560107434,Rural,1947,235,6,Oil
549679.82,9333,6,4.995806637130067,SuburbA,1981,785,5,Electric
62942.06,24545,4,4.4316884449237826,SuburbA,1978,574,3,Wood
128912.36,7560,3,3.5072438259212904,SuburbA,2000,172,7,Oil
503968.95,18897,1,2.186359924849935,Downtown,2009,727,9,Electric
68165.72,23935,1,3.4818208480133785,Downtown,2014,156,9,Oil
287635.44,3189,1,2.531819980311121,Rural,1999,141,6,Oil
377569.29,7243,6,3.2351618321202293,SuburbA,1991,826,4,Electric
249054.23,12474,2,3.1585353050696154,Rural,2014,870,10,Electric
523773.87,8887,3,2.410846677360923,Downtown,1984,796,7,Oil
316235.12,3284,1,2.491255114830332,Rural,1982,613,9,Gas
261888.91,16906,6,3.127617915818342,Downtown,1977,735,6,Gas
431234.15,7671,4,1.3492350006154297,Rural,1942,395,2,Gas
224209.0,6899,3,1.4480983226621778,SuburbB,1983,254,4,Gas
502042.44,11106,4,4.878298422169786,SuburbB,1980,455,7,Wood
129179.13,22625,1,2.1660671886521774,SuburbA,1922,992,4,Oil
473813.22,14990,5,2.3711699144768863,Downtown,1982,707,9,Wood
350468.49,16507,3,3.269006643651552,Downtown,1941,908,5,Electric
163014.53,17367,3,4.882896193508693,SuburbA,1938,461,5,Wood
547999.57,6951,5,4.696526561999019,Downtown,1943,279,3,Electric
219349.35,9295,1,1.1646058259538719,Downtown,1993,229,8,Oil
531758.37,13613,2,1.8206214476372966,SuburbA,2005,424,6,Electric
487192.54,13719,4,3.1594663851101896,SuburbB,1988,408,2,Gas
582805.63,14756,4,4.074072663348433,Rural,1960,259,1,Oil
374243.01,22708,6,2.1822274766537744,Downtown,2016,687,3,Wood
67879.2,12598,6,1.4492624918115293,Rural,1925,242,9,Gas
96304.8,11595,1,2.6065196876979466,SuburbB,1977,465,2,Oil
133139.67,3303,5,3.5652506111606876,SuburbB,2020,885,5,Electric
256366.67,2238,1,3.1536491766408496,Rural,2006,787,2,Wood
137422.19,7871,4,2.2710312486640176,SuburbA,2005,469,7,Electric
195827.86,24960,4,2.4785198684368317,Downtown,1921,391,6,Oil
573452.84,11595,4,4.497206943065912,SuburbA,1947,845,8,Wood
447396.31,15999,3,1.6551613749764198,Rural,2013,524,3,Gas
509661.18,6206,2,2.2129245541874503,Downtown,1928,704,7,Gas
412164.23,1716,4,3.555223998856857,Downtown,1973,279,9,Wood
196092.25,24773,5,4.020974991168741,SuburbB,1945,290,7,Oil
85199.04,19649,4,1.1689316577553512,Downtown,1994,411,8,Wood
391398.85,8857,1,4.164878189636667,SuburbB,1953,407,8,Gas
52600.71,22924,6,4.57074610256222,Rural,1942,603,4,Gas
282458.22,5411,3,2.972200900147347,SuburbA,1996,863,6,Wood
511946.09,20032,4,4.4733836727712015,Rural,2008,937,2,Oil
151900.5,18294,6,3.301054746435436,Downtown,1940,695,1,Electric
575310.8,11975,4,4.51326905766973,SuburbB,1965,267,1,Oil
55762.29,13334,4,3.5449885401756944,Downtown,1926,396,5,Gas
583453.23,18338,2,4.065769750715194,SuburbB,2017,196,10,Electric
539758.66,19316,3,4.489772537833763,Downtown,1954,801,6,Gas
371611.33,19011,5,2.4065174705778007,SuburbB,1921,240,9,Oil
434096.77,13722,4,2.6479780179355465,SuburbB,1933,323,3,Electric
52479.92,7674,5,3.453713437606478,SuburbA,1973,571,2,Gas
301413.76,5800,1,2.9180729194942088,Downtown,2008,471,3,Wood
197270.06,21083,5,4.054358183446867,Downtown,1942,826,5,Gas
565910.34,5386,2,1.5148579137568237,SuburbB,2008,332,5,Electric
289625.46,8376,2,4.924438270288853,Rural,2008,881,2,Gas
474701.55,2116,4,4.029336137510761,SuburbA,1945,210,1,Gas
253137.22,16870,1,4.634117193609848,SuburbA,1928,408,1,Gas
420922.68,5556,5,1.8216047462106655,SuburbB,1943,786,6,Gas
414586.85,4474,2,4.383446089810073,Downtown,1994,456,6,Electric
202674.05,17904,6,3.451825715357736,SuburbA,1932,939,10,Gas
430842.59,18828,2,3.863246536002979,Downtown,1941,872,9,Gas
284048.62,4733,2,4.681908711916067,Rural,1966,814,10,Electric
581991.01,15906,6,4.8309909435309315,SuburbB,1965,488,7,Electric
599256.93,18350,2,2.6303118798984726,Downtown,1935,577,2,Electric
314934.34,17746,3,3.8189236607632413,SuburbA,1930,435,8,Gas
278905.87,14108,3,2.827783066045925,Downtown,2007,961,8,Electric
490230.5,19650,4,2.1623573000717853,Rural,1944,977,2,Wood
400820.14,23753,3,1.7171891335483145,Rural,2006,207,7,Wood
539149.76,18626,6,3.7060746575893733,SuburbA,1938,504,7,Gas
325865.15,7028,1,2.4548399739029256,SuburbB,1963,305,10,Wood
233204.16,5522,2,4.352436525365835,Rural,1955,883,10,Oil
249790.57,22597,4,2.4243892275043213,Rural,1982,623,5,Electric
237446.09,16397,1,1.4887602403965547,Rural,1983,336,3,Gas
324115.62,4763,6,1.211409682938828,SuburbA,1983,794,1,Electric
273027.36,14038,5,3.716817448346492,SuburbB,1958,736,10,Gas
446762.92,4007,6,4.006438986061481,Rural,2021,577,4,Oil
262213.02,23195,4,2.9610014410255774,Downtown,1989,451,9,Gas
403987.63,2535,4,4.520502683965539,SuburbA,1969,560,6,Wood
431817.36,16001,4,1.1439244756954845,SuburbB,1991,775,5,Electric
119373.26,17604,4,1.5379529688495297,Rural,1982,882,2,Wood
279318.96,23129,5,3.7414966684398765,Rural,1980,675,3,Gas
412054.19,14324,3,2.9787645218087766,Rural,1998,792,6,Oil
270216.87,12001,1,1.1125879463691537,SuburbA,1936,957,6,Oil
421585.34,20635,1,4.060776081423249,Downtown,1968,199,7,Oil
455796.31,13210,4,2.4050770418777834,SuburbB,1951,340,5,Gas
224807.47,24044,1,4.475759843138231,SuburbA,1963,273,1,Oil
169691.91,2724,4,3.6310711462309513,Rural,1992,627,7,Oil
82829.26,2168,6,2.878799605011619,SuburbA,1960,486,10,Wood
473112.08,12065,5,1.3909026923276948,Rural,1932,807,4,Oil
51304.99,17776,5,4.2458287109405966,Downtown,1941,729,5,Oil
289189.67,15786,2,2.987806845767623,SuburbA,1988,319,5,Oil
590175.25,3057,3,4.984910773441812,Rural,2022,331,10,Gas
138379.05,20446,1,3.367458621765317,Downtown,1928,680,9,Wood
212514.72,15495,2,2.389265948404424,SuburbA,2003,943,5,Oil
524749.8,15685,6,3.1597903166220473,SuburbB,1973,511,5,Wood
45683.03,23505,5,1.722403403547304,SuburbA,2000,820,9,Electric
303175.7,20402,4,1.851811220073885,Rural,1954,753,9,Wood
222259.4,20050,6,3.5070338863099115,SuburbB,1966,573,3,Electric
